Transaction Date,Post Date,Description,Category,Type,Amount,Memo
05/08/2025,05/09/2025,MERCI MARKET,Groceries,Sale,-3.11,
05/07/2025,05/09/2025,CORNER GROCERS,Groceries,Sale,-16.59,
05/08/2025,05/09/2025,UBER   *TRIP,Travel,Sale,-17.11,
05/08/2025,05/09/2025,SQ *AMORINO LINCOLN CENTE,Food & Drink,Sale,-9.36,
05/07/2025,05/08/2025,Payment Thank You-Mobile,,Payment,1219.86,
05/08/2025,05/08/2025,SEAMLSS*ILLABORATORIOD,Food & Drink,Sale,-2.22,
05/07/2025,05/08/2025,PRIM THAI RESTAURANT,Food & Drink,Sale,-84.00,
05/07/2025,05/08/2025,CREME,Food & Drink,Sale,-20.65,
05/06/2025,05/07/2025,SQ *PAUSE CAFE,Food & Drink,Sale,-30.05,
05/05/2025,05/06/2025,DUANE READE #14185,Health & Wellness,Sale,-15.27,
05/05/2025,05/06/2025,WHOLEFDS HOU 10236,Groceries,Sale,-17.73,
05/06/2025,05/06/2025,Amazon.com*NB7CR4BK0,Shopping,Sale,-15.91,
05/05/2025,05/06/2025,THE UPS STORE 7525,Personal,Sale,-19.77,
05/04/2025,05/06/2025,TST*LUDLOW COFFEE SUPPLY,Food & Drink,Sale,-5.94,
05/03/2025,05/05/2025,CORNER GROCERS,Groceries,Sale,-4.15,
05/03/2025,05/05/2025,BREEZY HILL ORCHARD,Groceries,Sale,-14.70,
05/04/2025,05/05/2025,KATAGIRI JAPANESE GROCERY,Groceries,Sale,-4.99,
05/04/2025,05/05/2025,KATAGIRI JAPANESE GROCERY,Groceries,Sale,-27.73,
05/04/2025,05/05/2025,SQ *THE MODERN CHEMIST -,Health & Wellness,Sale,-7.62,
05/03/2025,05/05/2025,HAPPINESS FOOD MART AND D,Groceries,Sale,-3.12,
05/03/2025,05/04/2025,LANIS FARM,Groceries,Sale,-9.00,
05/03/2025,05/04/2025,SQ *DELANCEY WINE,Groceries,Sale,-13.05,
05/03/2025,05/04/2025,NATIONWIDE PET INS,Bills & Utilities,Sale,-62.14,
05/01/2025,05/04/2025,STAPLES       00109538,Shopping,Sale,-5.98,
05/03/2025,05/04/2025,SQ *LIBRAE BAKERY,Food & Drink,Sale,-26.13,
05/03/2025,05/04/2025,GIV*RESURRECTION,Gifts & Donations,Sale,-90.56,
05/03/2025,05/04/2025,ESPERANZA DE VIDA CC,Gifts & Donations,Sale,-90.60,
05/03/2025,05/04/2025,SQ *DELANCEY WINE,Groceries,Sale,-32.65,
05/03/2025,05/04/2025,SQ *MANDRAKE CAFE NYC,Food & Drink,Sale,-14.40,
05/03/2025,05/04/2025,MTA*NYCT PAYGO,Travel,Sale,-2.90,
05/03/2025,05/04/2025,SQ *RIVERINE RANCH,Groceries,Sale,-16.00,
05/03/2025,05/04/2025,WHOLEFDS USQ 10162,Groceries,Sale,-14.28,
05/03/2025,05/04/2025,WHOLEFDS USQ 10162,Groceries,Sale,-3.09,
05/03/2025,05/04/2025,SQ *CHERRY LANE FARMS LLC,Groceries,Sale,-8.00,
05/02/2025,05/04/2025,SQ *MANDRAKE CAFE NYC,Food & Drink,Sale,-20.05,
05/03/2025,05/04/2025,MTA*NYCT PAYGO,Travel,Sale,-2.90,
05/03/2025,05/04/2025,DURRS BLUE BOX PRODUCE,Groceries,Sale,-20.00,
04/30/2025,05/02/2025,TRADER JOE S #538,Groceries,Sale,-35.62,
04/30/2025,05/02/2025,MTA*NYCT PAYGO,Travel,Sale,-2.90,
05/01/2025,05/02/2025,SQ *SON DEL NORTH,Food & Drink,Sale,-40.46,
05/01/2025,05/02/2025,SQ *BLUE BOTTLE COFFEE,Food & Drink,Sale,-21.14,
05/01/2025,05/02/2025,The Metropolitan Opera,Gifts & Donations,Sale,-90.00,
05/01/2025,05/02/2025,MTA*NYCT PAYGO,Travel,Sale,-2.90,
04/30/2025,05/02/2025,MTA*NYCT PAYGO,Travel,Sale,-2.90,
04/30/2025,05/02/2025,CORNER GROCERS,Groceries,Sale,-8.29,
05/01/2025,05/02/2025,Patreon* Membership,Entertainment,Sale,-27.00,
04/29/2025,05/01/2025,PIANOS,Food & Drink,Sale,-20.56,
04/30/2025,05/01/2025,NEWSCHOOLDINING CAFE,Food & Drink,Sale,-8.79,
04/29/2025,05/01/2025,MTA*NYCT PAYGO,Travel,Sale,-2.90,
04/29/2025,05/01/2025,MTA*NYCT PAYGO,Travel,Sale,-2.90,
04/30/2025,04/30/2025,Payment Thank You-Mobile,,Payment,1090.43,
04/30/2025,04/30/2025,CKA KA QELLUE,Food & Drink,Sale,-97.03,
04/30/2025,04/30/2025,UBER   *TRIP,Travel,Sale,-13.89,
04/29/2025,04/30/2025,MTA*NYCT PAYGO,Travel,Sale,-2.90,
04/28/2025,04/30/2025,ESSEX FARM,Groceries,Sale,-27.43,
04/28/2025,04/30/2025,TRADER JOE S #538,Groceries,Sale,-94.88,
04/28/2025,04/30/2025,MTA*NYCT PAYGO,Travel,Sale,-2.90,
04/29/2025,04/30/2025,CVS/PHARMACY #10612,Health & Wellness,Sale,-5.43,
04/29/2025,04/30/2025,GREENWICH VILLAGE LOCK,Personal,Sale,-103.44,
04/29/2025,04/30/2025,CREME,Food & Drink,Sale,-6.89,
04/28/2025,04/29/2025,MARSHALLS #1393,Shopping,Sale,-13.04,
04/29/2025,04/29/2025,LABORATORIO DEL GELATO,Groceries,Sale,-49.00,
04/28/2025,04/29/2025,SQ *CAFE D?AVIGNON,Food & Drink,Sale,-23.10,
04/28/2025,04/29/2025,MTA*NYCT PAYGO,Travel,Sale,-2.90,
04/28/2025,04/29/2025,MERCI MARKET,Groceries,Sale,-12.23,
04/28/2025,04/29/2025,UBER   *TRIP,Travel,Sale,-29.96,
04/28/2025,04/29/2025,TST* 7TH STREET BURGER -,Food & Drink,Sale,-22.68,
04/28/2025,04/29/2025,OPENAI *CHATGPT SUBSCR,Shopping,Sale,-21.78,
04/27/2025,04/28/2025,DUFRY MXT850 AICM T2 I,Shopping,Sale,-32.84,
04/26/2025,04/28/2025,GRUPO LOLU,Food & Drink,Sale,-2.47,
04/27/2025,04/28/2025,KONFIO *REST RUTAS CAF,Food & Drink,Sale,-15.82,
04/27/2025,04/28/2025,UBER* TRIP,Travel,Sale,-7.19,
04/27/2025,04/28/2025,UBER* TRIP,Travel,Sale,-1.60,
04/27/2025,04/28/2025,COM RAP ACO MX APTO T2,Food & Drink,Sale,-11.92,
04/27/2025,04/28/2025,UBER* TRIP,Travel,Sale,-5.14,
04/27/2025,04/28/2025,COM RAP KE RICO T2,Food & Drink,Sale,-5.75,
04/26/2025,04/27/2025,MERPAGO*CULTURALROOTS,Entertainment,Sale,-277.34,
04/26/2025,04/27/2025,UBER* TRIP,Travel,Sale,-1.03,
04/24/2025,04/27/2025,LA CASA DE TONO P ROSA,Food & Drink,Sale,-12.37,
04/26/2025,04/27/2025,ZTL*CUMBECOFFEEROASTER,Shopping,Sale,-6.57,
04/26/2025,04/27/2025,REST TIERRADENTRO,Food & Drink,Sale,-64.12,
04/25/2025,04/27/2025,AIRBNB * TA8Y9SR3,Travel,Return,69.68,
04/24/2025,04/27/2025,WM EXPRESS MICHOACAN,Groceries,Sale,-7.57,
04/26/2025,04/27/2025,UBER* TRIP,Travel,Sale,-3.59,
04/25/2025,04/27/2025,POINTMP*CENTRINARIC,Shopping,Sale,-6.39,
04/26/2025,04/27/2025,UBER* TRIP,Travel,Sale,-5.64,
04/25/2025,04/27/2025,UBER* TRIP,Travel,Sale,-1.03,
04/25/2025,04/27/2025,WM EXPRESS PACHUCA,Groceries,Sale,-6.24,
04/25/2025,04/27/2025,TDA DEL MNA AC,Entertainment,Sale,-18.23,
04/25/2025,04/27/2025,REST BEATRICITA,Food & Drink,Sale,-15.08,
04/25/2025,04/27/2025,UBER* TRIP,Travel,Sale,-4.11,
04/25/2025,04/27/2025,UBER* TRIP,Travel,Sale,-0.51,
04/25/2025,04/27/2025,UBER* TRIP,Travel,Sale,-3.07,
04/26/2025,04/27/2025,UBER* TRIP,Travel,Sale,-1.03,
04/24/2025,04/27/2025,GRUPO LOLU,Food & Drink,Sale,-20.57,
04/26/2025,04/27/2025,ZTL*ODETTECUISINE,Shopping,Sale,-5.24,
04/25/2025,04/27/2025,PAN CHAPULTEPEC,Food & Drink,Sale,-1.18,
04/26/2025,04/27/2025,UBER* TRIP,Travel,Sale,-11.30,
04/24/2025,04/25/2025,MTA*NYCT PAYGO,Travel,Sale,-2.90,
04/24/2025,04/25/2025,CINNABON T2,Food & Drink,Sale,-4.62,
04/24/2025,04/25/2025,MTA*NYCT PAYGO,Travel,Sale,-2.90,
04/24/2025,04/25/2025,UBER* TRIP,Travel,Sale,-12.14,
04/23/2025,04/25/2025,MTA*NYCT PAYGO,Travel,Sale,-2.90,
04/24/2025,04/25/2025,CLIP MX*MAMA CARMELA,Food & Drink,Sale,-2.30,
04/24/2025,04/25/2025,UBER* TRIP,Travel,Sale,-0.77,
04/25/2025,04/25/2025,AIRBNB * TAKH3WPT,Travel,Sale,-69.68,
04/23/2025,04/25/2025,TST*LUDLOW COFFEE SUPPLY,Food & Drink,Sale,-5.50,
04/25/2025,04/25/2025,AIRBNB * TA8Y9SR3,Travel,Sale,-69.68,
04/24/2025,04/25/2025,HUDSONNEWS  ST1176,Shopping,Sale,-46.97,
04/23/2025,04/25/2025,MTA*NYCT PAYGO,Travel,Sale,-2.90,
04/24/2025,04/25/2025,MTA*NYCT PAYGO,Travel,Sale,-8.50,
04/24/2025,04/25/2025,MTA*NYCT PAYGO,Travel,Sale,-8.50,
04/24/2025,04/25/2025,POINTMP*BLENDSTATION,Shopping,Sale,-8.83,
04/23/2025,04/24/2025,Payment Thank You-Mobile,,Payment,971.10,
04/23/2025,04/24/2025,SQ *THE DRUNKEN MUNKEY,Food & Drink,Sale,-79.04,
04/24/2025,04/24/2025,UBER   *TRIP,Travel,Sale,-29.67,
04/23/2025,04/24/2025,PRIM THAI RESTAURANT,Food & Drink,Sale,-30.00,
04/22/2025,04/24/2025,CELLOS PIZZERIA,Food & Drink,Sale,-14.33,
04/22/2025,04/24/2025,TST*886,Food & Drink,Sale,-28.35,
04/20/2025,04/22/2025,TRADER JOE S #538,Groceries,Sale,-61.94,
04/20/2025,04/22/2025,TST*SOLEDAD,Food & Drink,Sale,-90.86,
04/21/2025,04/22/2025,Amazon.com*NH8Y25723,Shopping,Sale,-15.23,
04/21/2025,04/22/2025,Amazon.com*500YG2ND3,Shopping,Sale,-108.86,
04/21/2025,04/22/2025,AMAZON MKTPL*I81VY1573,Shopping,Sale,-48.98,
04/21/2025,04/22/2025,SEAMLSS*AAHARINDIANCUI,Food & Drink,Sale,-27.61,
04/20/2025,04/21/2025,MTA*NYCT PAYGO,Travel,Sale,-2.90,
04/18/2025,04/21/2025,KIKOO SUSHI,Food & Drink,Sale,-109.11,
04/19/2025,04/21/2025,MTA*NYCT PAYGO,Travel,Sale,-2.90,
04/19/2025,04/21/2025,SPACE MARKET,Groceries,Sale,-6.00,
04/20/2025,04/21/2025,SQ *MADAME BONTE 94,Food & Drink,Sale,-20.58,
04/19/2025,04/21/2025,CORNER GROCERS,Groceries,Sale,-35.78,
04/20/2025,04/21/2025,MTA*NYCT PAYGO,Travel,Sale,-2.90,
04/19/2025,04/20/2025,Payment Thank You - Web,,Payment,156.68,
04/19/2025,04/20/2025,ESPERANZA DE VIDA CC,Gifts & Donations,Sale,-90.60,
04/19/2025,04/20/2025,UBER   *TRIP,Travel,Sale,-38.92,
04/18/2025,04/20/2025,TST*LUDLOW COFFEE SUPPLY,Food & Drink,Sale,-14.38,
04/17/2025,04/20/2025,MTA*NYCT PAYGO,Travel,Sale,-2.90,
04/19/2025,04/20/2025,SP HARNEYSOHO,Groceries,Sale,-34.95,
04/18/2025,04/20/2025,TARGET        00032847,Shopping,Sale,-26.66,
04/18/2025,04/20/2025,MTA*NYCT PAYGO,Travel,Sale,-2.90,
04/17/2025,04/20/2025,CORNER GROCERS,Groceries,Sale,-9.34,
04/19/2025,04/20/2025,SQ *COFFEE PROJECT NEW YO,Food & Drink,Sale,-6.53,
04/19/2025,04/20/2025,SQ *BIG GAY ICE CREAM NER,Food & Drink,Sale,-5.76,
04/19/2025,04/20/2025,MTA*NYCT PAYGO,Travel,Sale,-2.90,
04/19/2025,04/20/2025,CVS/PHARMACY #10933,Health & Wellness,Sale,-7.00,
04/18/2025,04/20/2025,BROOKLYN FARE #2516,Groceries,Sale,-3.56,
04/18/2025,04/20/2025,UBER   *TRIP,Travel,Sale,-25.97,
04/19/2025,04/20/2025,GIV*RESURRECTION,Gifts & Donations,Sale,-90.56,
04/19/2025,04/20/2025,Amazon.com*K25OA18R3,Shopping,Sale,-69.40,
04/18/2025,04/20/2025,MTA*NYCT PAYGO,Travel,Sale,-2.90,
04/18/2025,04/20/2025,DUANE READE #14185,Health & Wellness,Sale,-2.22,
04/17/2025,04/18/2025,SQ *SON DEL NORTH,Food & Drink,Sale,-24.72,
04/16/2025,04/18/2025,TIFF'S TREATS,Food & Drink,Sale,-44.97,
04/17/2025,04/18/2025,MTA*NYCT PAYGO,Travel,Sale,-2.90,
04/17/2025,04/18/2025,NEWSCHOOLDINING CAFE,Food & Drink,Sale,-9.57,
04/17/2025,04/17/2025,SUNRISE MEDICAL LABORA,Health & Wellness,Sale,-4.42,
04/15/2025,04/17/2025,MTA*NYCT PAYGO,Travel,Sale,-2.90,
04/16/2025,04/16/2025,Payment Thank You-Mobile,,Payment,1888.98,
04/15/2025,04/16/2025,COCO FRESH TEA &amp; JUICE-B,Food & Drink,Sale,-6.75,
04/15/2025,04/16/2025,MTA*NYCT PAYGO,Travel,Sale,-2.90,
04/15/2025,04/16/2025,WHOLEFDS HOU 10236,Groceries,Sale,-1.37,
04/15/2025,04/16/2025,RALPH'S FAMOUS ITALIAN IC,Groceries,Sale,-7.80,
04/15/2025,04/16/2025,AMAZON MKTPL*DQ0TX5LZ3,Shopping,Sale,-32.65,
04/15/2025,04/16/2025,SQ *BLANK STREET,Food & Drink,Sale,-5.12,
04/15/2025,04/16/2025,WHOLEFDS HOU 10236,Groceries,Sale,-10.61,
04/13/2025,04/15/2025,REI #142 NEW YORK,Shopping,Sale,-1.65,
04/13/2025,04/14/2025,Payment Thank You - Web,,Payment,1000.00,
04/14/2025,04/14/2025,UBER   *TRIP,Travel,Sale,-34.06,
04/12/2025,04/14/2025,VATAN,Food & Drink,Sale,-115.99,
04/12/2025,04/14/2025,MTA*NYCT PAYGO,Travel,Sale,-2.90,
04/12/2025,04/14/2025,TRADER JOE S #543,Groceries,Sale,-10.19,
04/13/2025,04/14/2025,WHOLEFDS HOU 10236,Groceries,Sale,-176.51,
04/13/2025,04/14/2025,MTA*NYCT PAYGO,Travel,Sale,-2.90,
04/12/2025,04/13/2025,SQ *THE SOIREE,Food & Drink,Sale,-16.90,
04/11/2025,04/13/2025,TST* DIG INN- MADISON SQU,Food & Drink,Sale,-13.30,
04/10/2025,04/13/2025,TST*POTLUCK CLUB,Food & Drink,Sale,-61.86,
04/10/2025,04/13/2025,MTA*NYCT PAYGO,Travel,Sale,-2.90,
04/11/2025,04/13/2025,SQ *MAM,Food & Drink,Sale,-73.58,
04/10/2025,04/13/2025,TST*HARAZ COFFEE- SOHO ,Food & Drink,Sale,-6.19,
04/12/2025,04/13/2025,MTA*NYCT PAYGO,Travel,Sale,-2.90,
04/12/2025,04/13/2025,WHOLEFDS HOU 10236,Groceries,Sale,-34.24,
04/11/2025,04/13/2025,DUANE READE #14185,Health & Wellness,Sale,-20.68,
04/11/2025,04/13/2025,SQ *MORGENSTERN'S BANANAS,Food & Drink,Sale,-10.55,
04/12/2025,04/13/2025,SP MOMOJUDY,Shopping,Sale,-5.45,
04/11/2025,04/13/2025,MARSHALLS #1393,Shopping,Sale,-25.03,
04/10/2025,04/11/2025,GIV*RESURRECTION,Gifts & Donations,Sale,-90.56,
04/10/2025,04/11/2025,SEAMLSS*AAHARINDIANCUI,Food & Drink,Sale,-72.09,
04/10/2025,04/11/2025,EATALY NY CATAPULT,Groceries,Sale,-10.99,
04/10/2025,04/11/2025,MTA*NYCT PAYGO,Travel,Sale,-2.90,
04/10/2025,04/11/2025,Etsy.com*TheEclecticHo,Shopping,Sale,-33.21,
04/09/2025,04/11/2025,TST*CAFFE VITA - LOWER E,Food & Drink,Sale,-8.44,
04/09/2025,04/10/2025,SQ *LITTLE CANAL,Food & Drink,Sale,-17.00,
04/08/2025,04/10/2025,MTA*NYCT PAYGO,Travel,Sale,-2.90,
04/08/2025,04/09/2025,MTA*NYCT PAYGO,Travel,Sale,-2.90,
04/08/2025,04/09/2025,DUANE READE #14185,Health & Wellness,Sale,-32.64,
04/07/2025,04/09/2025,MTA*NYCT PAYGO,Travel,Sale,-2.90,
04/07/2025,04/08/2025,MTA*NYCT PAYGO,Travel,Sale,-2.90,
04/06/2025,04/08/2025,CORNER GROCERS,Groceries,Sale,-2.08,
04/06/2025,04/08/2025,TST*ROSIES,Food & Drink,Sale,-114.70,
04/07/2025,04/08/2025,ARISTON CAFE,Food & Drink,Sale,-5.82,
04/06/2025,04/07/2025,MTA*NYCT PAYGO,Travel,Sale,-2.90,
04/06/2025,04/07/2025,UBER   *TRIP,Travel,Sale,-46.45,
04/06/2025,04/07/2025,TST*CAFFE VITA - LOWER E,Food & Drink,Sale,-11.16,
04/06/2025,04/07/2025,CREME,Food & Drink,Sale,-6.89,
04/06/2025,04/07/2025,MTA*NYCT PAYGO,Travel,Sale,-2.90,
04/06/2025,04/07/2025,KATAGIRI JAPANESE GROCERY,Groceries,Sale,-26.24,
04/06/2025,04/07/2025,MTA*NYCT PAYGO,Travel,Sale,-2.90,
04/06/2025,04/07/2025,WHOLEFDS HOU 10236,Groceries,Sale,-92.32,
04/06/2025,04/07/2025,SEAMLSS*ODAHOUSE,Food & Drink,Sale,-11.27,
04/06/2025,04/06/2025,Payment Thank You - Web,,Payment,460.43,
04/04/2025,04/06/2025,SQ *LIBRAE BAKERY,Food & Drink,Sale,-5.99,
04/04/2025,04/06/2025,SHAKE SHACK 1101,Food & Drink,Sale,-7.07,
04/05/2025,04/06/2025,ESPERANZA DE VIDA CC,Gifts & Donations,Sale,-90.60,
04/04/2025,04/06/2025,SQ *LIBRAE BAKERY,Food & Drink,Sale,-45.08,
04/03/2025,04/06/2025,MTA*NYCT PAYGO,Travel,Sale,-2.90,
04/03/2025,04/06/2025,GDP*laboratorio gelato,Shopping,Sale,-6.60,
04/03/2025,04/06/2025,DELTA       0062320467850,Travel,Sale,-724.76,
04/03/2025,04/06/2025,DELTA       0062320467849,Travel,Sale,-724.76,
04/03/2025,04/06/2025,TST*MORI COFFEE,Food & Drink,Sale,-5.65,
04/05/2025,04/06/2025,SQ *PROOF COFFEE ROASTERS,Food & Drink,Sale,-5.72,
04/04/2025,04/06/2025,FREETAXUSA.COM,Professional Services,Sale,-16.32,
04/04/2025,04/06/2025,TAQUERIA BY EL PRIETO NY,Food & Drink,Sale,-30.69,
04/03/2025,04/04/2025,CVS/PHARMACY #10933,Health & Wellness,Sale,-1.89,
04/03/2025,04/04/2025,NATIONWIDE PET INS,Bills & Utilities,Sale,-62.14,
04/02/2025,04/04/2025,TRADER JOE S #538,Groceries,Sale,-48.26,
04/03/2025,04/04/2025,MTA*NYCT PAYGO,Travel,Sale,-2.90,
04/01/2025,04/03/2025,MTA*NYCT PAYGO,Travel,Sale,-2.90,
04/02/2025,04/03/2025,PRIM THAI RESTAURANT,Food & Drink,Sale,-71.86,
04/01/2025,04/02/2025,Payment Thank You - Web,,Payment,207.80,
04/01/2025,04/02/2025,SQ *POETICA COFFEE ST MAR,Food & Drink,Sale,-5.33,
04/01/2025,04/02/2025,SQ *SUSHI HATSUNE,Food & Drink,Sale,-92.76,
03/31/2025,04/01/2025,SQ *LOS TACOS AL PASTOR,Food & Drink,Sale,-22.34,
03/30/2025,04/01/2025,TRADER JOE S #546,Groceries,Sale,-50.76,
03/30/2025,04/01/2025,SQ *AU ZA'ATAR,Food & Drink,Sale,-85.70,
03/31/2025,04/01/2025,MERCI MARKET,Groceries,Sale,-13.59,
03/30/2025,03/31/2025,Payment Thank You-Mobile,,Payment,1319.36,
03/30/2025,03/31/2025,TARGET        00032490,Shopping,Sale,-54.04,
03/30/2025,03/31/2025,TST* TM7 - JONNY'S PIZZA,Food & Drink,Sale,-22.48,
03/30/2025,03/31/2025,MTA*NYCT PAYGO,Travel,Sale,-2.90,
03/29/2025,03/31/2025,TST*CAFFE VITA - LOWER E,Food & Drink,Sale,-10.30,
03/30/2025,03/31/2025,ESSEX FARM,Groceries,Sale,-63.58,
03/30/2025,03/31/2025,MTA*NYCT PAYGO,Travel,Sale,-2.90,
03/29/2025,03/31/2025,KATAGIRI JAPANESE GROCERY,Groceries,Sale,-14.70,
03/29/2025,03/31/2025,MTA*NYCT PAYGO,Travel,Sale,-2.90,
03/29/2025,03/31/2025,SP HARNEYSOHO,Groceries,Sale,-34.00,
03/27/2025,03/30/2025,MTA*NYCT PAYGO,Travel,Sale,-2.90,
03/29/2025,03/30/2025,TST* TM7 - JONNY'S PIZZA,Food & Drink,Sale,-9.50,
03/27/2025,03/30/2025,MTA*NYCT PAYGO,Travel,Sale,-2.90,
03/28/2025,03/30/2025,PT *MOUNT SINAI,Health & Wellness,Sale,-30.00,
03/26/2025,03/28/2025,CORNER GROCERS,Groceries,Sale,-8.29,
03/27/2025,03/28/2025,SQ *SUPERMOON BAKEHOUSE,Food & Drink,Sale,-43.82,
03/27/2025,03/28/2025,MTA*NYCT PAYGO,Travel,Sale,-2.90,
03/27/2025,03/28/2025,SQ *BLUE BOTTLE COFFEE,Food & Drink,Sale,-8.08,
03/26/2025,03/28/2025,TRADER JOE S #538,Groceries,Sale,-24.19,
03/27/2025,03/28/2025,SQ *BLUE BOTTLE COFFEE,Food & Drink,Sale,-8.08,
03/26/2025,03/27/2025,MTA*NYCT PAYGO,Travel,Sale,-2.90,
03/26/2025,03/27/2025,PRIM THAI RESTAURANT,Food & Drink,Sale,-11.98,
03/26/2025,03/27/2025,PRIM THAI RESTAURANT,Food & Drink,Sale,-11.98,
03/25/2025,03/27/2025,PY *BLACK STAR BAKERY &amp; C,Food & Drink,Sale,-5.38,
03/26/2025,03/27/2025,MTA*NYCT PAYGO,Travel,Sale,-2.90,
03/26/2025,03/27/2025,UBER   *TRIP,Travel,Sale,-26.73,
03/25/2025,03/26/2025,ARISTON CAFE,Food & Drink,Sale,-10.45,
03/24/2025,03/26/2025,MTA*NYCT PAYGO,Travel,Sale,-2.90,
03/25/2025,03/26/2025,5 SENSES DELI CORP,Shopping,Sale,-3.11,
03/25/2025,03/26/2025,MTA*NYCT PAYGO,Travel,Sale,-2.90,
03/25/2025,03/26/2025,EATALY NY CATAPULT,Groceries,Sale,-10.99,
03/25/2025,03/26/2025,CVS/PHARMACY #10612,Health & Wellness,Sale,-7.99,
03/25/2025,03/26/2025,EATALY NY CATAPULT,Groceries,Sale,-4.99,
03/24/2025,03/25/2025,SEAMLSS*BOMBAYSINDIANR,Food & Drink,Sale,-60.54,
03/24/2025,03/25/2025,MTA*NYCT PAYGO,Travel,Sale,-2.90,
03/23/2025,03/25/2025,STARBUCKS STORE 00817,Food & Drink,Sale,-3.76,
03/23/2025,03/25/2025,CORNER GROCERS,Groceries,Sale,-4.15,
03/22/2025,03/24/2025,H MART,Groceries,Sale,-42.71,
03/23/2025,03/24/2025,DUANE READE #14185,Health & Wellness,Sale,-13.98,
03/23/2025,03/24/2025,CVS/PHARMACY #11132,Health & Wellness,Sale,-2.03,
03/23/2025,03/24/2025,DUANE READE #14354,Health & Wellness,Sale,-14.99,
03/23/2025,03/24/2025,Amazon.com*BC7XV8XV3,Groceries,Sale,-138.77,
03/23/2025,03/24/2025,SQ *STAT MEDICAL SERVICES,Health & Wellness,Sale,-75.00,
03/22/2025,03/23/2025,ESPERANZA DE VIDA CC,Gifts & Donations,Sale,-90.60,
03/21/2025,03/23/2025,TST*TEN BELLS,Food & Drink,Sale,-57.08,
03/20/2025,03/23/2025,MTA*NYCT PAYGO,Travel,Sale,-2.90,
03/21/2025,03/23/2025,TST*MITICA,Food & Drink,Sale,-48.98,
03/22/2025,03/23/2025,NYC FERRY,Travel,Sale,-29.00,
03/21/2025,03/23/2025,TST*CAFFE PANNA GREENPOI,Food & Drink,Sale,-9.25,
03/21/2025,03/23/2025,MTA*NYCT PAYGO,Travel,Sale,-2.90,
03/22/2025,03/23/2025,UBER   *TRIP,Travel,Sale,-31.81,
03/22/2025,03/23/2025,DUANE READE #21315,Health & Wellness,Sale,-2.22,
03/22/2025,03/23/2025,GIV*RESURRECTION,Gifts & Donations,Sale,-90.56,
03/21/2025,03/23/2025,COOPER SQUARE VETERINARY,Personal,Sale,-290.00,
03/21/2025,03/21/2025,Payment Thank You-Mobile,,Payment,1048.40,
03/19/2025,03/21/2025,CORNER GROCERS,Groceries,Sale,-3.11,
03/20/2025,03/21/2025,SQ *DELANCEY WINE,Groceries,Sale,-16.32,
03/20/2025,03/21/2025,SQ *BLUE BOTTLE COFFEE,Food & Drink,Sale,-23.79,
03/20/2025,03/21/2025,P&amp;T Knitwear,Shopping,Sale,-6.53,
03/20/2025,03/21/2025,MTA*NYCT PAYGO,Travel,Sale,-2.90,
03/20/2025,03/21/2025,SQ *PROOF COFFEE ROASTERS,Food & Drink,Sale,-6.72,
03/19/2025,03/20/2025,PRIM THAI RESTAURANT,Food & Drink,Sale,-81.86,
03/18/2025,03/19/2025,NEWSCHOOLDINING CAFE,Food & Drink,Sale,-9.57,
03/18/2025,03/19/2025,DUANE READE #14185,Health & Wellness,Sale,-7.99,
03/17/2025,03/18/2025,NEWSCHOOLDINING CAFE,Food & Drink,Sale,-6.29,
03/17/2025,03/18/2025,TST*SOOTHR,Food & Drink,Sale,-30.93,
03/16/2025,03/18/2025,TRADER JOE S #538,Groceries,Sale,-89.89,
03/16/2025,03/17/2025,SQ *MADAME BONTE 94,Food & Drink,Sale,-6.26,
03/15/2025,03/17/2025,TRADER JOE S #538,Groceries,Sale,-86.37,
03/15/2025,03/17/2025,ESSEX FARM,Groceries,Sale,-12.99,
03/16/2025,03/17/2025,MTA*NYCT PAYGO,Travel,Sale,-2.90,
03/16/2025,03/17/2025,MTA*NYCT PAYGO,Travel,Sale,-2.90,
03/14/2025,03/16/2025,AMAZON MKTPL*LS57N8J73,Shopping,Sale,-41.36,
03/15/2025,03/16/2025,TST* SALT &amp; STRAW - AMSTE,Food & Drink,Sale,-9.91,
03/14/2025,03/16/2025,MTA*NYCT PAYGO,Travel,Sale,-2.90,
03/15/2025,03/16/2025,SQ *DEVOCION ï¿½ DOWNTOWN B,Food & Drink,Sale,-14.86,
03/14/2025,03/16/2025,SARAVANAA BHAVAN,Food & Drink,Sale,-38.52,
03/15/2025,03/16/2025,DUANE READE #14185,Health & Wellness,Sale,-18.62,
03/14/2025,03/16/2025,TST*LUDLOW COFFEE SUPPLY,Food & Drink,Sale,-5.00,
03/14/2025,03/16/2025,MTA*NYCT PAYGO,Travel,Sale,-2.90,
03/16/2025,03/16/2025,COURSERA.ORG,Education,Sale,-59.00,
03/14/2025,03/16/2025,MTA*NYCT PAYGO,Travel,Sale,-2.90,
03/14/2025,03/16/2025,LS BEST BOTTLES,Food & Drink,Sale,-18.62,
03/15/2025,03/16/2025,MTA*NYCT PAYGO,Travel,Sale,-2.90,
03/15/2025,03/16/2025,MACYS  BROOKLYN,Shopping,Sale,-252.51,
03/15/2025,03/16/2025,UBER   *TRIP,Travel,Sale,-39.44,
03/14/2025,03/16/2025,PAPPARICH MANHATTAN,Food & Drink,Sale,-56.09,
03/14/2025,03/16/2025,MTA*NYCT PAYGO,Travel,Sale,-2.90,
03/14/2025,03/14/2025,Payment Thank You-Mobile,,Payment,1374.07,
03/13/2025,03/14/2025,UBER   *EATS,Food & Drink,Sale,-108.88,
03/13/2025,03/14/2025,SQ *COFFEE PROJECT NY,Food & Drink,Sale,-23.16,
03/13/2025,03/14/2025,MTA*NYCT PAYGO,Travel,Sale,-2.90,
03/13/2025,03/14/2025,CVS/PHARMACY #11132,Health & Wellness,Sale,-1.89,
03/12/2025,03/14/2025,CORNER GROCERS,Groceries,Sale,-5.19,
03/11/2025,03/13/2025,TST*TACOMBI - NOLITA,Food & Drink,Sale,-36.87,
03/12/2025,03/13/2025,SEAMLSS*CHOMPCHOMPTHAI,Food & Drink,Sale,-2.64,
03/12/2025,03/13/2025,SQ *PROOF COFFEE ROASTERS,Food & Drink,Sale,-6.22,
03/11/2025,03/12/2025,SQ *PROOF COFFEE ROASTERS,Food & Drink,Sale,-7.80,
03/11/2025,03/12/2025,WHOLEFDS HOU 10236,Groceries,Sale,-92.31,
03/10/2025,03/12/2025,TST*CAFFE VITA - LOWER E,Food & Drink,Sale,-23.06,
03/10/2025,03/12/2025,CORNER GROCERS,Groceries,Sale,-16.58,
03/11/2025,03/12/2025,SEAMLSS*DIGSOHO,Food & Drink,Sale,-22.68,
03/11/2025,03/11/2025,AMAZON MKTPL*O37IX55M3,Shopping,Sale,-16.32,
03/09/2025,03/11/2025,CORNER GROCERS,Groceries,Sale,-11.40,
03/10/2025,03/11/2025,MTA*NYCT PAYGO,Travel,Sale,-2.90,
03/10/2025,03/11/2025,MTA*NYCT PAYGO,Travel,Sale,-2.90,
03/09/2025,03/10/2025,OLA'S,Food & Drink,Sale,-6.53,
03/07/2025,03/10/2025,CATHEDRALE ND E,Gifts & Donations,Sale,-2.17,
03/09/2025,03/10/2025,SERVICE NAVIGO  4042878,Travel,Sale,-14.16,
03/07/2025,03/10/2025,MEME VIET,Food & Drink,Sale,-28.22,
03/09/2025,03/10/2025,SELECTA SAS,Groceries,Sale,-3.16,
03/08/2025,03/10/2025,BIEN ELEVE,Food & Drink,Sale,-100.20,
03/08/2025,03/10/2025,KADIS,Groceries,Sale,-2.40,
03/09/2025,03/10/2025,SERVICE NAVIGO  4042878,Travel,Sale,-14.16,
03/09/2025,03/10/2025,COCCI MARKET    4149261,Groceries,Sale,-3.92,
03/08/2025,03/10/2025,UBER   *TRIP,Travel,Sale,-17.37,
03/09/2025,03/10/2025,FRANPRIX 5005,Groceries,Sale,-0.98,
03/09/2025,03/10/2025,UBER   *TRIP,Travel,Sale,-34.74,
03/09/2025,03/10/2025,RELAY           4167898,Shopping,Sale,-7.61,
03/09/2025,03/10/2025,MTA*NYCT PAYGO,Travel,Sale,-8.50,
03/09/2025,03/10/2025,UBER   *TRIP,Travel,Sale,-1.09,
03/09/2025,03/10/2025,MTA*NYCT PAYGO,Travel,Sale,-2.90,
03/09/2025,03/10/2025,ANAEVI          4121699,Food & Drink,Sale,-44.54,
03/09/2025,03/10/2025,MTA*NYCT PAYGO,Travel,Sale,-8.50,
03/09/2025,03/10/2025,ATELIER P1      4882218,Food & Drink,Sale,-14.05,
03/07/2025,03/09/2025,LA BUTTE FROMAGERE,Groceries,Sale,-8.41,
03/08/2025,03/09/2025,LAND SCS SSCONT 4332516,Food & Drink,Sale,-11.00,
03/07/2025,03/09/2025,CARON SERVICE,Groceries,Sale,-1.19,
03/07/2025,03/09/2025,SERVICE NAVIGO  4042878,Travel,Sale,-2.71,
03/07/2025,03/09/2025,SERVICE NAVIGO  4042878,Travel,Sale,-2.71,
03/07/2025,03/09/2025,LA REGALE       2179875,Food & Drink,Sale,-2.39,
03/08/2025,03/09/2025,PCIE 2 FAUBOURGS,Health & Wellness,Sale,-7.51,
03/08/2025,03/09/2025,SERVICE NAVIGO  4042878,Travel,Sale,-2.72,
03/07/2025,03/09/2025,SERVICE NAVIGO  4042878,Travel,Sale,-2.71,
03/07/2025,03/09/2025,SERVICE NAVIGO  4042878,Travel,Sale,-2.71,
03/06/2025,03/09/2025,BAST 11 ST ANTO,Food & Drink,Sale,-4.32,
03/07/2025,03/09/2025,STE CHAPELLE    2322726,Bills & Utilities,Sale,-28.22,
03/07/2025,03/09/2025,BOULANGERIE RAP 4155391,Food & Drink,Sale,-3.80,
03/08/2025,03/09/2025,ESPERANZA DE VIDA CC,Gifts & Donations,Sale,-90.60,
03/07/2025,03/09/2025,AFRIKOU MOHAMED,Groceries,Sale,-4.34,
03/08/2025,03/09/2025,SQ *MEET ROTISSERIE,Food & Drink,Sale,-28.32,
03/07/2025,03/09/2025,1KFE L'ADDITION,Food & Drink,Sale,-6.08,
03/07/2025,03/09/2025,ISABELLE,Food & Drink,Sale,-10.42,
03/06/2025,03/09/2025,TERRASSE DE MME 2939319,Food & Drink,Sale,-2.16,
03/08/2025,03/09/2025,GIV*RESURRECTION,Gifts & Donations,Sale,-90.56,
03/07/2025,03/09/2025,LAB 3.0,Professional Services,Sale,-37.99,
03/07/2025,03/09/2025,BRUNHILD'S,Food & Drink,Sale,-2.50,
03/07/2025,03/09/2025,PRIMEURS MAUBERT,Food & Drink,Sale,-4.39,
03/07/2025,03/09/2025,EL FENICIO      9260459,Food & Drink,Sale,-44.51,
03/08/2025,03/09/2025,LAND SCS SSCONT 4332516,Food & Drink,Sale,-3.05,
03/08/2025,03/09/2025,SERVICE NAVIGO  4042878,Travel,Sale,-2.72,
03/07/2025,03/09/2025,Terres de Cafe Saint-H,Food & Drink,Sale,-12.27,
03/08/2025,03/09/2025,PIERRE HERME    4668652,Food & Drink,Sale,-9.58,
03/08/2025,03/09/2025,Maison Louvard  4440398,Food & Drink,Sale,-4.36,
03/08/2025,03/09/2025,Buly1803,Shopping,Sale,-7.62,
03/07/2025,03/09/2025,AVENTURINE,Home,Sale,-37.99,
03/07/2025,03/09/2025,COMPT STE CHAPEL2322758,Bills & Utilities,Sale,-18.45,
03/07/2025,03/07/2025,Payment Thank You-Mobile,,Payment,1000.00,
03/06/2025,03/07/2025,SC-BOUL KAYSER,Food & Drink,Sale,-8.21,
03/06/2025,03/07/2025,DIP&amp;GO          9260194,Groceries,Sale,-6.48,
03/06/2025,03/07/2025,SERVICE NAVIGO  4042878,Travel,Sale,-2.70,
03/06/2025,03/07/2025,SQ *MINICAFE,Food & Drink,Sale,-11.88,
03/06/2025,03/07/2025,SERVICE NAVIGO  4042878,Travel,Sale,-2.70,
03/05/2025,03/07/2025,CAULAINKER      2137332,Groceries,Sale,-3.02,
03/06/2025,03/07/2025,MUSEE ORSAY SANC2362412,Bills & Utilities,Sale,-21.60,
03/06/2025,03/07/2025,FRANPRIX        2989889,Personal,Sale,-3.17,
03/06/2025,03/07/2025,GOURMANDISES,Food & Drink,Sale,-11.12,
03/06/2025,03/07/2025,BOUILLON SERVICE,Food & Drink,Sale,-2.59,
03/06/2025,03/07/2025,BOUILLON PIGALLE,Food & Drink,Sale,-60.46,
03/06/2025,03/07/2025,LOUIS IX,Food & Drink,Sale,-4.86,
03/06/2025,03/07/2025,A. MIAM MIAM,Food & Drink,Sale,-29.15,
03/06/2025,03/07/2025,OLA'S,Food & Drink,Sale,-7.56,
03/05/2025,03/06/2025,BISTROT RICHELIEU,Food & Drink,Sale,-64.73,
03/05/2025,03/06/2025,SERVICE NAVIGO  4042878,Travel,Sale,-13.82,
03/05/2025,03/06/2025,SUMUP  *GIOVANNI,Travel,Sale,-6.38,
03/05/2025,03/06/2025,MAMICHE SAS,Food & Drink,Sale,-5.63,
03/04/2025,03/06/2025,MTA*NYCT PAYGO,Travel,Sale,-2.90,
03/05/2025,03/06/2025,SERVICE NAVIGO  4042878,Travel,Sale,-13.82,
03/04/2025,03/06/2025,MTA*NYCT PAYGO,Travel,Sale,-8.50,
03/04/2025,03/05/2025,DUANE READE #14185,Health & Wellness,Sale,-27.65,
03/04/2025,03/05/2025,MTA*NYCT PAYGO,Travel,Sale,-2.90,
03/04/2025,03/05/2025,TST*BABY BLUES,Food & Drink,Sale,-60.10,
03/04/2025,03/05/2025,MTA*NYCT PAYGO,Travel,Sale,-2.90,
03/04/2025,03/05/2025,SEAMLSS*AAHARINDIANCUI,Food & Drink,Sale,-10.23,
03/03/2025,03/04/2025,MERCI MARKET,Groceries,Sale,-12.43,
03/03/2025,03/04/2025,NATIONWIDE PET INS,Bills & Utilities,Sale,-62.14,
03/02/2025,03/03/2025,ESSEX FARM,Groceries,Sale,-9.48,
03/02/2025,03/03/2025,SQ *MOST HIGH,Food & Drink,Sale,-10.80,
03/01/2025,03/03/2025,MTA*NYCT PAYGO,Travel,Sale,-2.90,
03/01/2025,03/03/2025,ESSEX FARM,Groceries,Sale,-20.80,
03/01/2025,03/03/2025,SILVANA,Food & Drink,Sale,-130.63,
03/01/2025,03/03/2025,MTA*NYCT PAYGO,Travel,Sale,-2.90,
03/01/2025,03/03/2025,MTA*NYCT PAYGO,Travel,Sale,-2.90,
03/01/2025,03/03/2025,Amazon.com*CB2NR9513,Shopping,Sale,-18.50,
03/02/2025,03/03/2025,MTA*NYCT PAYGO,Travel,Sale,-2.90,
03/03/2025,03/03/2025,TST* LE PAIN QUOTIDIEN -,Food & Drink,Sale,-5.75,
03/02/2025,03/03/2025,KATAGIRI JAPANESE GROCERY,Groceries,Sale,-25.24,
03/02/2025,03/03/2025,MTA*NYCT PAYGO,Travel,Sale,-2.10,
02/28/2025,03/03/2025,GRACEFULLY,Groceries,Sale,-8.50,
03/01/2025,03/03/2025,H MART,Groceries,Sale,-9.98,
03/02/2025,03/02/2025,Payment Thank You-Mobile,,Payment,1400.00,
02/28/2025,03/02/2025,NEWSCHOOLDINING CAFE,Food & Drink,Sale,-5.98,
03/01/2025,03/02/2025,SQ *CAFE D?AVIGNON,Food & Drink,Sale,-25.23,
02/28/2025,03/02/2025,MTA*NYCT PAYGO,Travel,Sale,-2.90,
02/28/2025,03/02/2025,MTA*NYCT PAYGO,Travel,Sale,-2.90,
03/01/2025,03/02/2025,SQ *SHOPSIN'S GENERAL STO,Food & Drink,Sale,-46.26,
02/28/2025,03/02/2025,AMAZON MKTPL*5P0RC3VC3,Shopping,Sale,-39.16,
02/27/2025,03/02/2025,MTA*NYCT PAYGO,Travel,Sale,-2.90,
03/02/2025,03/02/2025,SEAMLSS*SONDELNORTH,Food & Drink,Sale,-20.04,
03/01/2025,03/02/2025,CVS/PHARMACY #11355,Health & Wellness,Sale,-21.17,
03/01/2025,03/02/2025,PORTO RICO IMPORTING C,Shopping,Sale,-8.50,
02/28/2025,03/02/2025,TST*LUDLOW COFFEE SUPPLY,Food & Drink,Sale,-9.00,
02/27/2025,03/02/2025,TST*LUDLOW COFFEE SUPPLY,Food & Drink,Sale,-5.50,
02/27/2025,02/28/2025,SEAMLSS*JUSTSALAD53E8T,Food & Drink,Sale,-26.10,
02/27/2025,02/28/2025,MTA*NYCT PAYGO,Travel,Sale,-2.90,
02/26/2025,02/27/2025,MTA*NYCT PAYGO,Travel,Sale,-2.90,
02/26/2025,02/27/2025,SQ *GRAND CUTTERS BARBER,Personal,Sale,-47.02,
02/26/2025,02/27/2025,MTA*NYCT PAYGO,Travel,Sale,-2.90,
02/26/2025,02/27/2025,CVS/PHARMACY #10933,Health & Wellness,Sale,-1.89,
02/26/2025,02/27/2025,UBER   *TRIP,Travel,Sale,-27.49,
02/26/2025,02/27/2025,FOOD AT*AAHARINDIANCUI,Food & Drink,Sale,-47.00,
02/25/2025,02/26/2025,MTA*NYCT PAYGO,Travel,Sale,-2.90,
02/25/2025,02/26/2025,NEWSCHOOLDINING CAFE,Food & Drink,Sale,-7.03,
02/25/2025,02/26/2025,SEAMLSS*JUSTSALAD53E8T,Food & Drink,Sale,-8.81,
02/24/2025,02/25/2025,MERCI MARKET,Groceries,Sale,-12.23,
02/23/2025,02/25/2025,TST*LYLY,Food & Drink,Sale,-14.06,
02/23/2025,02/25/2025,TST*CAFFE VITA - LOWER E,Food & Drink,Sale,-17.82,
02/23/2025,02/24/2025,KATAGIRI JAPANESE GROCERY,Groceries,Sale,-2.74,
02/23/2025,02/24/2025,TST* TM7 - JONNY'S PIZZA,Food & Drink,Sale,-6.66,
02/23/2025,02/24/2025,TST* RENZAN SUSHI,Food & Drink,Sale,-33.36,
02/23/2025,02/24/2025,SQ *787 COFFEE,Food & Drink,Sale,-7.00,
02/24/2025,02/24/2025,PRIM THAI RESTAURANT,Food & Drink,Sale,-50.00,
02/22/2025,02/23/2025,Payment Thank You-Mobile,,Payment,1300.00,
02/22/2025,02/23/2025,MTA*NYCT PAYGO,Travel,Sale,-2.10,
02/22/2025,02/23/2025,MTA*NYCT PAYGO,Travel,Sale,-2.90,
02/22/2025,02/23/2025,MTA*NYCT PAYGO,Travel,Sale,-2.90,
02/22/2025,02/23/2025,GIV*RESURRECTION,Gifts & Donations,Sale,-90.56,
02/22/2025,02/23/2025,SQ *SM?R BAKERY,Food & Drink,Sale,-9.50,
02/22/2025,02/23/2025,SQ *SM?R,Food & Drink,Sale,-71.86,
02/22/2025,02/23/2025,ESPERANZA DE VIDA CC,Gifts & Donations,Sale,-90.60,
02/21/2025,02/23/2025,TST*CAFFE VITA - LOWER E,Food & Drink,Sale,-3.81,
02/22/2025,02/23/2025,ZEST SUSHI,Food & Drink,Sale,-43.14,
02/21/2025,02/23/2025,SQ *SWEET MOMENT,Food & Drink,Sale,-12.53,
02/21/2025,02/23/2025,TST*CAFFE VITA - LOWER E,Food & Drink,Sale,-12.02,
02/22/2025,02/23/2025,SQ *SALTWATER,Food & Drink,Sale,-6.22,
02/20/2025,02/23/2025,MTA*NYCT PAYGO,Travel,Sale,-2.90,
02/21/2025,02/23/2025,ESSEX FARM,Groceries,Sale,-20.46,
02/22/2025,02/23/2025,MTA*NYCT PAYGO,Travel,Sale,-2.90,
02/21/2025,02/23/2025,CORNER GROCERS,Groceries,Sale,-10.36,
02/20/2025,02/23/2025,MTA*NYCT PAYGO,Travel,Sale,-2.90,
02/22/2025,02/23/2025,MTA*NYCT PAYGO,Travel,Sale,-2.90,
02/20/2025,02/21/2025,MICHAELS STORES 1191,Shopping,Sale,-14.38,
02/20/2025,02/21/2025,PAYPAL *NEWYORKTHER,Gifts & Donations,Sale,-559.00,
02/20/2025,02/21/2025,SQ *BLUE BOTTLE COFFEE,Food & Drink,Sale,-7.58,
02/20/2025,02/21/2025,MTA*NYCT PAYGO,Travel,Sale,-2.90,
02/19/2025,02/21/2025,MTA*NYCT PAYGO,Travel,Sale,-2.90,
02/18/2025,02/20/2025,TST*CAFFE VITA - LOWER E,Food & Drink,Sale,-11.94,
02/19/2025,02/20/2025,MTA*NYCT PAYGO,Travel,Sale,-2.90,
02/19/2025,02/20/2025,MTA*NYCT PAYGO,Travel,Sale,-2.90,
02/18/2025,02/20/2025,MTA*NYCT PAYGO,Travel,Sale,-2.90,
02/19/2025,02/20/2025,TST*HARAZ COFFEE- SOHO ,Food & Drink,Sale,-21.07,
02/19/2025,02/20/2025,MTA*NYCT PAYGO,Travel,Sale,-2.90,
02/18/2025,02/20/2025,TRADER JOE S #538,Groceries,Sale,-10.12,
02/18/2025,02/19/2025,AMAZON MKTPL*718I589D3,Shopping,Sale,-15.23,
02/18/2025,02/19/2025,AMAZON MKTPL*LS8KX40A3,Shopping,Sale,-31.02,
02/18/2025,02/19/2025,MTA*NYCT PAYGO,Travel,Sale,-2.90,
02/17/2025,02/19/2025,CORNER GROCERS,Groceries,Sale,-3.11,
02/17/2025,02/19/2025,TRADER JOE S #538,Groceries,Sale,-147.77,
02/18/2025,02/19/2025,AMAZON MKTPL*L92GZ9E33,Shopping,Sale,-22.74,
02/17/2025,02/18/2025,ESSEX FARM,Groceries,Sale,-53.44,
02/17/2025,02/18/2025,SEAMLSS*AYATNYC,Food & Drink,Sale,-34.79,
02/16/2025,02/18/2025,TST*ELLE,Food & Drink,Sale,-52.50,
02/17/2025,02/18/2025,SQ *BONBON NYC,Food & Drink,Sale,-4.21,
02/17/2025,02/18/2025,UBER   *TRIP,Travel,Sale,-47.97,
02/17/2025,02/17/2025,UBER   *TRIP,Travel,Sale,-31.02,
02/15/2025,02/17/2025,CHERCHER,Food & Drink,Sale,-37.89,
02/15/2025,02/17/2025,DUA COFFEE,Food & Drink,Sale,-11.80,
02/16/2025,02/17/2025,TST*TAQUERIA XOCHI,Food & Drink,Sale,-64.99,
02/15/2025,02/17/2025,WHITE HOUSE GIFTS,Shopping,Sale,-21.19,
02/16/2025,02/17/2025,APPLE.COM/BILL,Shopping,Sale,-3.99,
02/15/2025,02/17/2025,TST*ELLE,Food & Drink,Sale,-17.92,
02/15/2025,02/16/2025,UBER   *TRIP,Travel,Sale,-12.98,
02/15/2025,02/16/2025,TST* TATTE BAKERY CAPITOL,Food & Drink,Sale,-24.31,
02/15/2025,02/16/2025,UBER   *TRIP,Travel,Sale,-34.70,
02/16/2025,02/16/2025,COURSERA.ORG,Education,Sale,-59.00,
02/15/2025,02/16/2025,UBER   *TRIP,Travel,Sale,-43.92,
02/15/2025,02/16/2025,UBER   *TRIP,Travel,Sale,-19.10,
02/14/2025,02/16/2025,SMARTRIP WASHINGTON DC,Travel,Sale,-12.00,
02/14/2025,02/16/2025,WALGREENS #15360,Health & Wellness,Sale,-9.11,
02/15/2025,02/16/2025,TST*LA TEJANA,Food & Drink,Sale,-20.63,
02/13/2025,02/16/2025,MTA*NYCT PAYGO,Travel,Sale,-2.90,
02/13/2025,02/16/2025,TST*LUDLOW COFFEE SUPPLY,Food & Drink,Sale,-10.50,
02/14/2025,02/16/2025,SMARTRIP WASHINGTON DC,Travel,Sale,-7.00,
02/16/2025,02/16/2025,UBER   *TRIP,Travel,Sale,-41.80,
02/13/2025,02/16/2025,MTA*NYCT PAYGO,Travel,Sale,-2.90,
02/14/2025,02/16/2025,TST*BEAU THAI - MOUNT PL,Food & Drink,Sale,-37.40,
02/15/2025,02/16/2025,UBER   *TRIP,Travel,Sale,-26.37,
02/14/2025,02/14/2025,Payment Thank You-Mobile,,Payment,1450.00,
02/13/2025,02/14/2025,SQ *SON DEL NORTH,Food & Drink,Sale,-15.73,
02/13/2025,02/14/2025,GIFT CARD PURCHASE,Personal,Sale,-52.50,
02/12/2025,02/14/2025,TRADER JOE S #538,Groceries,Sale,-27.86,
02/13/2025,02/14/2025,SQ *BLUE BOTTLE COFFEE,Food & Drink,Sale,-5.94,
02/12/2025,02/14/2025,MTA*NYCT PAYGO,Travel,Sale,-2.90,
02/12/2025,02/13/2025,MTA*NYCT PAYGO,Travel,Sale,-2.90,
02/12/2025,02/13/2025,CVS/PHARMACY #10933,Health & Wellness,Sale,-1.89,
02/12/2025,02/13/2025,GRUBHUB* AAHARINDIANCU,Food & Drink,Sale,-55.22,
02/11/2025,02/12/2025,MTA*NYCT PAYGO,Travel,Sale,-2.90,
02/11/2025,02/12/2025,SQ *BLUE BOTTLE COFFEE,Food & Drink,Sale,-23.17,
02/11/2025,02/12/2025,TST* SWEET CHICK - UNION,Food & Drink,Sale,-8.98,
02/11/2025,02/12/2025,MTA*NYCT PAYGO,Travel,Sale,-2.90,
02/10/2025,02/11/2025,CVS/PHARMACY #11132,Health & Wellness,Sale,-7.60,
02/10/2025,02/11/2025,MTA*NYCT PAYGO,Travel,Sale,-2.10,
02/10/2025,02/11/2025,WHOLEFDS HOU 10236,Groceries,Sale,-9.26,
02/09/2025,02/11/2025,TST*BOQUERIA - UES,Food & Drink,Sale,-112.12,
02/10/2025,02/11/2025,NEWSCHOOLDINING CAFE,Food & Drink,Sale,-4.95,
02/09/2025,02/10/2025,MTA*NYCT PAYGO,Travel,Sale,-2.90,
02/09/2025,02/10/2025,MTA*NYCT PAYGO,Travel,Sale,-2.90,
02/08/2025,02/10/2025,CORNER GROCERS,Groceries,Sale,-10.36,
02/09/2025,02/10/2025,MTA*NYCT PAYGO,Travel,Sale,-2.90,
02/09/2025,02/10/2025,MTA*NYCT PAYGO,Travel,Sale,-2.90,
02/08/2025,02/09/2025,MTA*NYCT PAYGO,Travel,Sale,-2.90,
02/08/2025,02/09/2025,SQ *MUDSPOT,Food & Drink,Sale,-59.97,
02/06/2025,02/09/2025,MTA*NYCT PAYGO,Travel,Sale,-2.90,
02/08/2025,02/09/2025,MTA*NYCT PAYGO,Travel,Sale,-2.90,
02/06/2025,02/09/2025,MTA*NYCT PAYGO,Travel,Sale,-2.90,
02/08/2025,02/09/2025,WHOLEFDS HOU 10236,Groceries,Sale,-75.88,
02/07/2025,02/09/2025,SQ *HUNGRY GHOST COFFEE,Food & Drink,Sale,-5.63,
02/09/2025,02/09/2025,UBER   *TRIP,Travel,Sale,-29.78,
02/07/2025,02/09/2025,OMNYPYG*,Travel,Sale,-2.90,
02/07/2025,02/09/2025,SQ *PASTA NIGHT,Food & Drink,Sale,-51.55,
02/08/2025,02/09/2025,ESPERANZA DE VIDA CC,Gifts & Donations,Sale,-90.60,
02/08/2025,02/09/2025,GIV*RESURRECTION,Gifts & Donations,Sale,-90.56,
02/07/2025,02/09/2025,MTA*NYCT PAYGO,Travel,Sale,-2.90,
02/07/2025,02/09/2025,MTA*NYCT PAYGO,Travel,Sale,-2.90,
02/07/2025,02/07/2025,Payment Thank You-Mobile,,Payment,900.00,
02/06/2025,02/07/2025,MTA*NYCT PAYGO,Travel,Sale,-2.90,
02/07/2025,02/07/2025,P&amp;T Knitwear,Shopping,Sale,-14.14,
02/06/2025,02/07/2025,SQ *787 COFFEE ROASTERS,Food & Drink,Sale,-27.60,
02/05/2025,02/07/2025,TRADER JOE S #538,Groceries,Sale,-86.57,
02/06/2025,02/07/2025,MTA*NYCT PAYGO,Travel,Sale,-2.90,
02/04/2025,02/06/2025,MTA*NYCT PAYGO,Travel,Sale,-2.90,
02/05/2025,02/06/2025,SQ *MANOUSHEH,Food & Drink,Sale,-28.00,
02/05/2025,02/06/2025,PRIM THAI RESTAURANT,Food & Drink,Sale,-30.00,
02/04/2025,02/05/2025,MTA*NYCT PAYGO,Travel,Sale,-2.90,
02/03/2025,02/04/2025,MTA*NYCT PAYGO,Travel,Sale,-2.90,
02/03/2025,02/04/2025,MTA*NYCT PAYGO,Travel,Sale,-2.90,
02/03/2025,02/04/2025,DUANE READE #14185,Health & Wellness,Sale,-15.30,
02/03/2025,02/04/2025,MERCI MARKET,Groceries,Sale,-8.67,
02/03/2025,02/04/2025,NATIONWIDE PET INS,Bills & Utilities,Sale,-62.14,
02/02/2025,02/03/2025,MTA*NYCT PAYGO,Travel,Sale,-2.90,
02/02/2025,02/03/2025,MTA*NYCT PAYGO,Travel,Sale,-2.90,
02/02/2025,02/03/2025,SQ *REMI43 FLOWER &amp; COFFE,Food & Drink,Sale,-11.70,
02/01/2025,02/03/2025,MTA*NYCT PAYGO,Travel,Sale,-2.90,
02/02/2025,02/03/2025,MTA*NYCT PAYGO,Travel,Sale,-2.90,
02/02/2025,02/03/2025,MTA*NYCT PAYGO,Travel,Sale,-2.90,
02/01/2025,02/03/2025,TST*BUBBYS PIE CO.,Food & Drink,Sale,-192.07,
02/02/2025,02/03/2025,KATAGIRI JAPANESE GROCERY,Groceries,Sale,-34.02,
02/01/2025,02/03/2025,MTA*NYCT PAYGO,Travel,Sale,-2.90,
02/01/2025,02/03/2025,MTA*NYCT PAYGO,Travel,Sale,-2.90,
02/02/2025,02/03/2025,MTA*NYCT PAYGO,Travel,Sale,-2.90,
02/01/2025,02/03/2025,MTA*NYCT PAYGO,Travel,Sale,-2.90,
01/30/2025,02/02/2025,MTA*NYCT PAYGO,Travel,Sale,-2.90,
01/31/2025,02/02/2025,UNION MARKET -  HOUSTO,Groceries,Sale,-17.69,
01/31/2025,02/02/2025,SQ *ABRACO,Food & Drink,Sale,-17.25,
01/30/2025,02/02/2025,MTA*NYCT PAYGO,Travel,Sale,-2.90,
02/01/2025,02/02/2025,SQ *CAFE ATELIER + DARLIN,Food & Drink,Sale,-6.76,
02/01/2025,02/02/2025,TM *THE TOWN HALL AND,Entertainment,Sale,-264.70,
02/01/2025,02/02/2025,TST* HEN HOUSE NYC,Food & Drink,Sale,-32.21,
01/31/2025,01/31/2025,Payment Thank You-Mobile,,Payment,2100.00,
01/30/2025,01/31/2025,SQ *SORELLA COFFEE LLC,Food & Drink,Sale,-6.50,
01/30/2025,01/31/2025,AMAZON MKTPL*ZC2JR7AN1,Shopping,Sale,-33.09,
01/30/2025,01/31/2025,MTA*NYCT PAYGO,Travel,Sale,-2.90,
01/30/2025,01/30/2025,Payment Thank You-Mobile,,Payment,700.00,
01/29/2025,01/30/2025,DUANE READE #14185,Health & Wellness,Sale,-12.48,
01/29/2025,01/30/2025,Amazon.com*ZC8RF5CD1,Shopping,Sale,-10.61,
01/28/2025,01/30/2025,H MART,Groceries,Sale,-10.04,
01/26/2025,01/29/2025,ANITA GELATO,Food & Drink,Sale,-12.14,
01/28/2025,01/29/2025,MTA*NYCT PAYGO,Travel,Sale,-2.90,
01/26/2025,01/29/2025,TRADER JOE S #538,Groceries,Sale,-16.07,
01/28/2025,01/29/2025,MTA*NYCT PAYGO,Travel,Sale,-2.90,
01/27/2025,01/29/2025,TRADER JOE S #538,Groceries,Sale,-119.53,
01/28/2025,01/29/2025,SQ *787 COFFEE ROASTERS,Food & Drink,Sale,-17.25,
01/25/2025,01/28/2025,LITTLE CUPCAKE BAKESHOP,Food & Drink,Sale,-5.98,
01/26/2025,01/28/2025,SARAVANAA BHAVAN,Food & Drink,Sale,-94.64,
01/26/2025,01/28/2025,MTA*NYCT PAYGO,Travel,Sale,-2.10,
01/26/2025,01/28/2025,MTA*NYCT PAYGO,Travel,Sale,-2.90,
01/26/2025,01/28/2025,TST*UVA,Food & Drink,Sale,-121.14,
01/26/2025,01/28/2025,MTA*NYCT PAYGO,Travel,Sale,-2.90,
01/26/2025,01/28/2025,MTA*NYCT PAYGO,Travel,Sale,-2.90,
01/26/2025,01/28/2025,TARGET        00032847,Shopping,Sale,-1.63,
01/26/2025,01/28/2025,MTA*NYCT PAYGO,Travel,Sale,-2.90,
01/25/2025,01/28/2025,UNION MARKET -  HOUSTO,Groceries,Sale,-13.20,
01/26/2025,01/28/2025,MTA*NYCT PAYGO,Travel,Sale,-2.90,
01/26/2025,01/28/2025,MTA*NYCT PAYGO,Travel,Sale,-2.90,
01/26/2025,01/28/2025,MTA*NYCT PAYGO,Travel,Sale,-2.90,
01/26/2025,01/28/2025,MTA*NYCT PAYGO,Travel,Sale,-2.90,
01/26/2025,01/28/2025,TST*CAFFE VITA - LOWER E,Food & Drink,Sale,-15.86,
01/25/2025,01/28/2025,GIV*RESURRECTION,Gifts & Donations,Sale,-90.56,
01/25/2025,01/28/2025,ESPERANZA DE VIDA CC,Gifts & Donations,Sale,-90.60,
01/25/2025,01/28/2025,MTA*NYCT PAYGO,Travel,Sale,-2.90,
01/25/2025,01/28/2025,SQ *PAUSE CAFE,Food & Drink,Sale,-30.48,
01/24/2025,01/28/2025,MTA*NYCT PAYGO,Travel,Sale,-2.90,
01/24/2025,01/28/2025,MTA*NYCT PAYGO,Travel,Sale,-2.90,
01/25/2025,01/28/2025,MTA*NYCT PAYGO,Travel,Sale,-2.90,
01/23/2025,01/26/2025,MTA*NYCT PAYGO,Travel,Sale,-2.90,
01/24/2025,01/26/2025,AMAZON MKTPL*ZG6IJ6TP1,Shopping,Sale,-52.41,
01/25/2025,01/26/2025,MTA*NYCT PAYGO,Travel,Sale,-2.90,
01/24/2025,01/26/2025,DUNKIN #351891,Food & Drink,Sale,-4.02,
01/23/2025,01/26/2025,MTA*NYCT PAYGO,Travel,Sale,-2.90,
01/23/2025,01/24/2025,MTA*NYCT PAYGO,Travel,Sale,-2.90,
01/23/2025,01/24/2025,CHEWY.COM,Shopping,Sale,-65.30,
01/23/2025,01/24/2025,MTA*NYCT PAYGO,Travel,Sale,-2.90,
01/22/2025,01/24/2025,TRADER JOE S #540,Groceries,Sale,-12.66,
01/22/2025,01/24/2025,MTA*NYCT PAYGO,Travel,Sale,-2.90,
01/22/2025,01/24/2025,MTA*NYCT PAYGO,Travel,Sale,-2.90,
01/20/2025,01/23/2025,CLIPPER SYSTEMS MOBILE #1,Travel,Sale,-2.00,
01/21/2025,01/23/2025,MTA*NYCT PAYGO,Travel,Sale,-2.90,
01/22/2025,01/23/2025,CVS/PHARMACY #11132,Health & Wellness,Sale,-31.87,
01/21/2025,01/22/2025,MTA*NYCT PAYGO,Travel,Sale,-8.50,
01/22/2025,01/22/2025,AMAZON MKTPL*ZC5HM71R2,Shopping,Sale,-7.94,
01/21/2025,01/22/2025,MTA*NYCT PAYGO,Travel,Sale,-2.90,
01/20/2025,01/22/2025,TST*DUBOCE PARK CAFE,Food & Drink,Sale,-44.77,
01/21/2025,01/22/2025,MTA*NYCT PAYGO,Travel,Sale,-2.90,
01/21/2025,01/22/2025,MTA*NYCT PAYGO,Travel,Sale,-2.90,
01/21/2025,01/22/2025,WHOLEFDS HOU 10236,Groceries,Sale,-220.66,
01/21/2025,01/22/2025,NEWSCHOOLDINING CAFE,Food & Drink,Sale,-5.98,
01/21/2025,01/22/2025,MTA*NYCT PAYGO,Travel,Sale,-8.50,
01/19/2025,01/22/2025,CLIPPER SYSTEMS MOBILE #1,Travel,Sale,-8.00,
01/19/2025,01/22/2025,CLIPPER SYSTEMS MOBILE #1,Travel,Sale,-16.00,
01/20/2025,01/21/2025,SQ *VERVE COFFEE MARKET S,Food & Drink,Sale,-20.09,
01/20/2025,01/21/2025,WALGREENS #4529,Health & Wellness,Sale,-1.83,
01/19/2025,01/21/2025,TAQUERIA CANCUN 2,Food & Drink,Sale,-29.19,
01/18/2025,01/21/2025,CLIPPER SYSTEMS MOBILE #1,Travel,Sale,-10.00,
01/20/2025,01/21/2025,TST* HOME COFFEE ROASTERS,Food & Drink,Sale,-7.61,
01/18/2025,01/21/2025,CLIPPER SYSTEMS MOBILE #1,Travel,Sale,-20.00,
01/20/2025,01/21/2025,TST* SALT AND STRAW - HAY,Food & Drink,Sale,-10.24,
01/19/2025,01/20/2025,ROUTE 66,Shopping,Sale,-28.50,
01/19/2025,01/20/2025,UBER   *LIME,Entertainment,Sale,-11.08,
01/19/2025,01/20/2025,WAYMO,Travel,Sale,-11.96,
01/18/2025,01/20/2025,SP MOJAVEFLEATRADING,Shopping,Sale,-52.14,
01/19/2025,01/20/2025,UBER   *LIME,Entertainment,Sale,-7.33,
01/19/2025,01/20/2025,SP ON WAVERLY,Shopping,Sale,-26.06,
01/17/2025,01/20/2025,RESTAURANT EIJI,Food & Drink,Sale,-90.97,
01/19/2025,01/20/2025,HAIGHT &amp; FILLMORE WHOLE,Groceries,Sale,-3.44,
01/19/2025,01/20/2025,SQ *ARSICAULT MCALLISTER,Food & Drink,Sale,-16.39,
01/19/2025,01/20/2025,CVS/PHARMACY #11004,Health & Wellness,Sale,-1.84,
01/19/2025,01/20/2025,Ghirardelli Square,Groceries,Sale,-19.99,
01/19/2025,01/20/2025,PANCHITAS RESTAURANT #2,Food & Drink,Sale,-44.98,
01/18/2025,01/20/2025,SP MOJAVEFLEATRADING,Shopping,Sale,-38.02,
01/17/2025,01/19/2025,EB *TOMMY SIEGEL PRESE,Personal,Sale,-14.36,
01/16/2025,01/19/2025,TRADER JOE S #100,Groceries,Sale,-1.64,
01/17/2025,01/19/2025,TST*PALM CITY WINES - US,Food & Drink,Sale,-27.17,
01/17/2025,01/19/2025,WALGREENS #4529,Health & Wellness,Sale,-32.58,
01/18/2025,01/19/2025,MOLLIE STONES #9,Groceries,Sale,-2.05,
01/18/2025,01/19/2025,SQ *THE COFFEE MOVEMENT,Food & Drink,Sale,-14.40,
01/15/2025,01/19/2025,CLIPPER SYSTEMS MOBILE #1,Travel,Sale,-20.00,
01/16/2025,01/19/2025,CLIPPER SYSTEMS MOBILE #1,Travel,Sale,-20.00,
01/17/2025,01/19/2025,SQ *AROMA TEA SHOP,Groceries,Sale,-15.52,
01/19/2025,01/19/2025,WAYMO,Travel,Sale,-26.53,
01/18/2025,01/19/2025,TST* JOINERY,Food & Drink,Sale,-49.72,
01/18/2025,01/19/2025,SQ *LOWER HAIGHT CAFE REV,Food & Drink,Sale,-50.51,
01/17/2025,01/19/2025,TST*SIGHTGLASS COFFEE -,Food & Drink,Sale,-30.08,
01/18/2025,01/19/2025,WAYMO,Travel,Sale,-21.77,
01/16/2025,01/19/2025,CLIPPER SYSTEMS MOBILE #1,Travel,Sale,-20.00,
01/17/2025,01/19/2025,TST* HOME COFFEE ROASTERS,Food & Drink,Sale,-22.62,
01/15/2025,01/19/2025,CLIPPER SYSTEMS MOBILE #1,Travel,Sale,-10.00,
01/16/2025,01/19/2025,CLIPPER SYSTEMS MOBILE #1,Travel,Sale,-5.00,
01/17/2025,01/19/2025,WHOLEFDS CAS #10396,Groceries,Sale,-25.20,
01/17/2025,01/19/2025,CKE*JTGSF  INC. SAN FRANC,Food & Drink,Sale,-1.62,
01/17/2025,01/19/2025,EVAS PLAY PUPS,Personal,Sale,-669.57,
01/17/2025,01/19/2025,TST*BURMA SUPERSTAR,Food & Drink,Sale,-50.00,
01/17/2025,01/19/2025,CKE*JTGSF  INC. SAN FRANC,Food & Drink,Sale,-12.68,
01/16/2025,01/17/2025,CTLP*Photo-matica Phot,Entertainment,Sale,-6.50,
01/16/2025,01/17/2025,UBER   *LIME,Entertainment,Sale,-6.25,
01/16/2025,01/17/2025,SQ *FINANCIAL DISTRICT -,Food & Drink,Sale,-6.10,
01/16/2025,01/17/2025,KISSAKO TEA,Food & Drink,Sale,-6.90,
01/16/2025,01/17/2025,TST* PRONTO - SFO TERMINA,Food & Drink,Sale,-9.42,
01/16/2025,01/17/2025,SQ *LA TAQUERIA,Food & Drink,Sale,-35.73,
01/16/2025,01/17/2025,WAYMO,Travel,Sale,-15.84,
01/16/2025,01/17/2025,SP MOJAVEFLEATRADING,Shopping,Sale,-8.69,
01/16/2025,01/17/2025,SQ *BLUE BOTTLE COFFEE,Food & Drink,Sale,-13.00,
01/16/2025,01/17/2025,CVS/PHARMACY #10391,Health & Wellness,Sale,-10.35,
01/16/2025,01/17/2025,TST* HOG ISLAND OYSTER CO,Food & Drink,Sale,-66.22,
01/15/2025,01/17/2025,TST*SOUVLA- NOPA,Food & Drink,Sale,-42.47,
01/16/2025,01/17/2025,SQ *LA TAQUERIA,Food & Drink,Sale,-5.55,
01/15/2025,01/17/2025,TST*SOUVLA- NOPA,Food & Drink,Sale,-9.99,
01/16/2025,01/17/2025,UBER   *LIME,Entertainment,Sale,-4.45,
01/15/2025,01/16/2025,MTA*NYCT PAYGO,Travel,Sale,-8.50,
01/15/2025,01/16/2025,SQ *THE MILL,Food & Drink,Sale,-21.21,
01/15/2025,01/16/2025,MTA*NYCT PAYGO,Travel,Sale,-2.90,
01/15/2025,01/16/2025,MTA*NYCT PAYGO,Travel,Sale,-2.90,
01/15/2025,01/16/2025,SOTTO MARE OYSTERIA,Food & Drink,Sale,-75.00,
01/15/2025,01/16/2025,MTA*NYCT PAYGO,Travel,Sale,-8.50,
01/16/2025,01/16/2025,COURSERA.ORG,Education,Sale,-59.00,
01/15/2025,01/16/2025,BART-CLIPPER SFIA,Travel,Sale,-20.00,
01/14/2025,01/16/2025,MTA*NYCT PAYGO,Travel,Sale,-2.90,
01/15/2025,01/16/2025,WALGREENS #893,Health & Wellness,Sale,-9.77,
01/14/2025,01/16/2025,MAIDEN LANE MEDICAL,Health & Wellness,Sale,-70.44,
01/15/2025,01/16/2025,TST* NAYA - 83 UNIVERSITY,Food & Drink,Sale,-27.19,
01/14/2025,01/16/2025,MTA*NYCT PAYGO,Travel,Sale,-2.90,
01/15/2025,01/15/2025,Payment Thank You-Mobile,,Payment,2700.00,
01/13/2025,01/15/2025,MUGHLAI GRILL INDIAN CUIS,Food & Drink,Sale,-7.80,
01/14/2025,01/15/2025,SQ *PAUSE CAFE,Food & Drink,Sale,-34.68,
01/14/2025,01/15/2025,NORDSTROM RACK #515,Shopping,Sale,-21.97,
01/13/2025,01/15/2025,AYAT RESTAURANT,Food & Drink,Sale,-20.38,
01/14/2025,01/15/2025,CVS/PHARMACY #11132,Health & Wellness,Sale,-2.60,
01/14/2025,01/15/2025,Birkenstock Soho_POS_US,Shopping,Sale,-174.25,
01/12/2025,01/14/2025,REI #142 NEW YORK,Shopping,Sale,-306.57,
01/13/2025,01/14/2025,Amazon.com*ZG3MJ9FB2,Shopping,Sale,-48.16,
01/13/2025,01/14/2025,TST* DIG INN- SOHO 70 PRI,Food & Drink,Sale,-27.06,
01/12/2025,01/14/2025,TST*NORMA GASTRONOMIA SI,Food & Drink,Sale,-54.13,
01/12/2025,01/13/2025,MTA*NYCT PAYGO,Travel,Sale,-2.90,
01/11/2025,01/13/2025,TST*CAFFE VITA - LOWER E,Food & Drink,Sale,-5.36,
01/12/2025,01/13/2025,MARSHALLS #1393,Shopping,Sale,-4.34,
01/11/2025,01/13/2025,TST*CAFFE VITA - LOWER E,Food & Drink,Sale,-18.11,
01/12/2025,01/13/2025,MTA*NYCT PAYGO,Travel,Sale,-2.90,
01/12/2025,01/13/2025,MTA*NYCT PAYGO,Travel,Sale,-2.90,
01/12/2025,01/13/2025,SQ *THE SOIREE,Food & Drink,Sale,-18.16,
01/12/2025,01/13/2025,MTA*NYCT PAYGO,Travel,Sale,-2.90,
01/12/2025,01/13/2025,MTA*MNR ETIX TICKET,Travel,Sale,-35.00,
01/11/2025,01/12/2025,MTA*NYCT PAYGO,Travel,Sale,-2.90,
01/11/2025,01/12/2025,MTA*NYCT PAYGO,Travel,Sale,-2.90,
01/11/2025,01/12/2025,MTA*NYCT PAYGO,Travel,Sale,-2.90,
01/11/2025,01/12/2025,MTA*NYCT PAYGO,Travel,Sale,-2.90,
01/10/2025,01/12/2025,SQ *SON DEL NORTH,Food & Drink,Sale,-41.46,
01/11/2025,01/12/2025,GIV*RESURRECTION,Gifts & Donations,Sale,-90.56,
01/09/2025,01/12/2025,CORNER GROCERS,Groceries,Sale,-4.14,
01/11/2025,01/12/2025,ESPERANZA DE VIDA CC,Gifts & Donations,Sale,-90.60,
01/10/2025,01/12/2025,SEAMLSS*POKEBOWL,Food & Drink,Sale,-6.13,
01/10/2025,01/10/2025,Payment Thank You-Mobile,,Payment,900.00,
01/09/2025,01/10/2025,MTA*NYCT PAYGO,Travel,Sale,-2.90,
01/09/2025,01/10/2025,MTA*NYCT PAYGO,Travel,Sale,-2.90,
01/09/2025,01/10/2025,TM *VULFPECK,Entertainment,Sale,-206.60,
01/09/2025,01/10/2025,SQ *SALTWATER LES,Food & Drink,Sale,-21.91,
01/08/2025,01/09/2025,TST* HARAZ COFFEE- SOHO ,Food & Drink,Sale,-23.54,
01/07/2025,01/09/2025,TRADER JOE S #539,Groceries,Sale,-5.99,
01/06/2025,01/08/2025,MTA*NYCT PAYGO,Travel,Sale,-2.90,
01/06/2025,01/08/2025,MTA*NYCT PAYGO,Travel,Sale,-2.90,
01/07/2025,01/08/2025,PRIM THAI RESTAURANT,Food & Drink,Sale,-62.91,
01/05/2025,01/07/2025,TRADER JOE S #538,Groceries,Sale,-55.77,
01/06/2025,01/07/2025,Amazon.com*ZD1DA5L50,Shopping,Sale,-33.52,
01/06/2025,01/07/2025,MTA*NYCT PAYGO,Travel,Sale,-2.90,
01/06/2025,01/07/2025,MTA*NYCT PAYGO,Travel,Sale,-2.90,
01/04/2025,01/07/2025,ANTHROPOLOGIE INC.,Shopping,Return,161.14,
01/04/2025,01/06/2025,TRADER JOE S #538,Groceries,Sale,-55.51,
01/05/2025,01/06/2025,SQ *JOEY BATS NATAS,Food & Drink,Sale,-8.00,
01/05/2025,01/06/2025,ESSEX FARM,Groceries,Sale,-31.95,
01/05/2025,01/06/2025,CVS/PHARMACY #11132,Health & Wellness,Sale,-18.27,
01/05/2025,01/06/2025,SQ *LUDLOW COFFEE SUPPLY,Food & Drink,Sale,-19.50,
01/05/2025,01/06/2025,SONNYBOY (NEW),Food & Drink,Sale,-63.26,
01/04/2025,01/05/2025,MTA*NYCT PAYGO,Travel,Sale,-2.10,
01/04/2025,01/05/2025,CTLP*Old Friend Photob,Food & Drink,Sale,-8.90,
01/04/2025,01/05/2025,MTA*NYCT PAYGO,Travel,Sale,-2.90,
01/04/2025,01/05/2025,Amazon.com,Groceries,Return,35.13,
01/03/2025,01/05/2025,NATIONWIDE PET INS,Bills & Utilities,Sale,-62.14,
01/03/2025,01/05/2025,DUANE READE #14185,Health & Wellness,Sale,-7.61,
01/04/2025,01/05/2025,WALGREENS #18305,Health & Wellness,Sale,-1.78,
01/03/2025,01/05/2025,SQ *OST CAFE,Food & Drink,Sale,-8.10,
12/31/2024,01/03/2025,CORNER GROCERS,Groceries,Sale,-18.69,
01/01/2025,01/03/2025,TST*BOMBAYS INDIAN CUIS,Food & Drink,Sale,-73.86,
01/02/2025,01/03/2025,OMNYPYG*,Travel,Sale,-2.10,
12/31/2024,01/03/2025,CORNER GROCERS,Groceries,Sale,-3.11,
01/02/2025,01/03/2025,OMNYPYG*,Travel,Sale,-2.90,
01/01/2025,01/02/2025,MTA*NYCT PAYGO,Travel,Sale,-2.90,
01/01/2025,01/02/2025,SQ *THE DONUT PUB,Groceries,Sale,-5.17,
01/01/2025,01/02/2025,MTA*NYCT PAYGO,Travel,Sale,-2.90,
01/01/2025,01/02/2025,MTA*NYCT PAYGO,Travel,Sale,-2.90,
01/01/2025,01/02/2025,MTA*NYCT PAYGO,Travel,Sale,-2.90,
12/31/2024,01/02/2025,REMI FLOWER &amp; COFFEE,Food & Drink,Sale,-18.49,
01/01/2025,01/02/2025,MTA*NYCT PAYGO,Travel,Sale,-2.90,
12/31/2024,01/02/2025,ESSEX FARM,Groceries,Sale,-18.57,
12/31/2024,01/02/2025,UNION MARKET -  HOUSTO,Groceries,Sale,-21.21,
01/01/2025,01/02/2025,MTA*NYCT PAYGO,Travel,Sale,-2.90,
12/31/2024,01/01/2025,MTA*NYCT PAYGO,Travel,Sale,-2.90,
12/31/2024,01/01/2025,SQ *BANH MI SAIGON BAKERY,Food & Drink,Sale,-21.85,
12/29/2024,01/01/2025,CORNER GROCERS,Groceries,Sale,-4.14,
12/31/2024,01/01/2025,MET OPERA,Entertainment,Sale,-90.00,
12/31/2024,01/01/2025,TST*CAFFE VITA - LOWER E,Food & Drink,Sale,-13.35,
12/31/2024,01/01/2025,MTA*NYCT PAYGO,Travel,Sale,-2.90,
12/31/2024,01/01/2025,LS WINETOGO,Food & Drink,Sale,-16.59,
12/30/2024,01/01/2025,TRADER JOE S #540,Groceries,Sale,-14.79,
12/30/2024,01/01/2025,MTA*NYCT PAYGO,Travel,Sale,-2.90,
12/30/2024,01/01/2025,MTA*NYCT PAYGO,Travel,Sale,-2.90,
12/30/2024,01/01/2025,MTA*NYCT PAYGO,Travel,Sale,-2.90,
12/31/2024,01/01/2025,MTA*NYCT PAYGO,Travel,Sale,-2.90,
12/31/2024,01/01/2025,ANTHROPOLOGIE  00563,Shopping,Sale,-30.54,
12/31/2024,01/01/2025,Amazon.com*ZP9KV6922,Groceries,Sale,-173.74,
